Designator,Mid X,Mid Y,Layer,Rotation
LED1,28.2,153.626,Top,0
C1,30.4,153.626,Top,90
LED2,62.948,95.104,Top,0
C2,65.148,95.104,Top,90
LED3,41.916,155.454,Top,0
C3,44.116,155.454,Top,90
LED4,81.51,110.588,Top,0
C4,83.71,110.588,Top,90
LED5,132.579,64.868,Top,0
C5,134.779,64.868,Top,90
LED6,69.348,76.816,Top,0
C6,71.548,76.816,Top,90
LED7,79.864,145.701,Top,0
C7,82.064,145.701,Top,90
LED8,119.64,88.398,Top,0
C8,121.84,88.398,Top,90
LED9,143.689,46.58,Top,0
C9,145.889,46.58,Top,90
LED10,102.724,64.014,Top,0
C10,104.924,64.014,Top,90
LED11,168.561,51.213,Top,0
C11,170.761,51.213,Top,90
LED12,111.868,60.966,Top,0
C12,114.068,60.966,Top,90
LED13,62.948,106.686,Top,0
C13,65.148,106.686,Top,90
LED14,122.841,70.72,Top,0
C14,125.041,70.72,Top,90
LED15,73.92,116.44,Top,0
C15,76.12,116.44,Top,90
LED16,127.413,62.186,Top,0
C16,129.613,62.186,Top,90
LED17,72.549,101.81,Top,0
C17,74.749,101.81,Top,90
LED18,107.296,160.331,Top,0
C18,109.496,160.331,Top,90
LED19,83.979,99.859,Top,0
C19,86.179,99.859,Top,90
LED20,141.129,57.309,Top,0
C20,143.329,57.309,Top,90
LED21,110.496,119.488,Top,0
C21,112.696,119.488,Top,90
LED22,148.901,62.186,Top,0
C22,151.101,62.186,Top,90
LED23,84.436,86.57,Top,0
C23,86.636,86.57,Top,90
LED24,137.928,44.507,Top,0
C24,140.128,44.507,Top,90
LED25,99.981,103.029,Top,0
C25,102.181,103.029,Top,90
LED26,41.916,137.166,Top,0
C26,44.116,137.166,Top,90
LED27,109.125,131.07,Top,0
C27,111.325,131.07,Top,90
LED28,57.004,85.35,Top,0
C28,59.204,85.35,Top,90
LED29,89.008,145.701,Top,0
C29,91.208,145.701,Top,90
LED30,30.944,120.402,Top,0
C30,33.144,120.402,Top,90
LED31,95.409,137.166,Top,0
C31,97.609,137.166,Top,90
LED32,128.784,78.645,Top,0
C32,130.984,78.645,Top,90
LED33,165.36,26.829,Top,0
C33,167.56,26.829,Top,90
LED34,150.273,88.398,Top,0
C34,152.473,88.398,Top,90
LED35,154.845,28.048,Top,0
C35,157.045,28.048,Top,90
LED36,128.784,88.398,Top,0
C36,130.984,88.398,Top,90
LED37,83.064,134.118,Top,0
C37,85.264,134.118,Top,90
LED38,30.944,99.981,Top,0
C38,33.144,99.981,Top,90
LED39,69.348,155.454,Top,0
C39,71.548,155.454,Top,90
LED40,73.92,90.227,Top,0
C40,76.12,90.227,Top,90
LED41,34.19,146.493,Top,0
C41,36.39,146.493,Top,90
LED42,105.924,145.701,Top,0
C42,108.124,145.701,Top,90
LED43,50.466,117.05,Top,0
C43,52.666,117.05,Top,90
LED44,90.837,165.208,Top,0
C44,93.037,165.208,Top,90
LED45,41.276,124.974,Top,0
C45,43.476,124.974,Top,90
LED46,67.52,64.014,Top,0
C46,69.72,64.014,Top,90
LED47,47.083,133.143,Top,0
C47,49.283,133.143,Top,90
LED48,119.64,131.07,Top,0
C48,121.84,131.07,Top,90
LED49,153.473,70.72,Top,0
C49,155.673,70.72,Top,90
LED50,101.352,116.44,Top,0
C50,103.552,116.44,Top,90
LED51,159.417,81.693,Top,0
C51,161.617,81.693,Top,90
LED52,144.329,25.0,Top,0
C52,146.529,25.0,Top,90
LED53,169.932,83.522,Top,0
C53,172.132,83.522,Top,90
LED54,130.156,29.877,Top,0
C54,132.356,29.877,Top,90
LED55,165.36,71.939,Top,0
C55,167.56,71.939,Top,90
LED56,99.981,86.57,Top,0
C56,102.181,86.57,Top,90
LED57,153.702,40.301,Top,0
C57,155.902,40.301,Top,90
LED58,109.125,92.056,Top,0
C58,111.325,92.056,Top,90
LED59,41.916,99.981,Top,0
C59,44.116,99.981,Top,90
LED60,81.693,155.454,Top,0
C60,83.893,155.454,Top,90
LED61,52.432,96.933,Top,0
C61,54.632,96.933,Top,90
LED62,92.208,155.454,Top,0
C62,94.408,155.454,Top,90
LED63,40.088,111.563,Top,0
C63,42.288,111.563,Top,90
LED64,79.864,165.208,Top,0
C64,82.064,165.208,Top,90
LED65,111.868,106.686,Top,0
C65,114.068,106.686,Top,90
LED66,152.513,50.786,Top,0
C66,154.713,50.786,Top,90
LED67,83.064,75.597,Top,0
C67,85.264,75.597,Top,90
LED68,148.901,78.645,Top,0
C68,151.101,78.645,Top,90
LED69,119.64,142.043,Top,0
C69,121.84,142.043,Top,90
LED70,51.06,140.824,Top,0
C70,53.26,140.824,Top,90
LED71,119.64,156.674,Top,0
C71,121.84,156.674,Top,90
LED72,68.663,113.636,Top,0
C72,70.863,113.636,Top,90
LED73,58.376,67.062,Top,0
C73,60.576,67.062,Top,90
LED74,30.898,123.633,Top,0
C74,33.098,123.633,Top,90
LED75,92.208,106.321,Top,0
C75,94.408,106.321,Top,90
LED76,32.59,132.777,Top,0
C76,34.79,132.777,Top,90
LED77,96.78,126.194,Top,0
C77,98.98,126.194,Top,90
LED78,133.768,72.488,Top,0
C78,135.968,72.488,Top,90
LED79,88.414,122.231,Top,0
C79,90.614,122.231,Top,90
LED80,35.516,92.056,Top,0
C80,37.716,92.056,Top,90
LED81,60.204,156.674,Top,0
C81,62.404,156.674,Top,90
LED82,128.784,151.797,Top,0
C82,130.984,151.797,Top,90
LED83,92.208,93.275,Top,0
C83,94.408,93.275,Top,90
LED84,55.632,148.749,Top,0
C84,57.832,148.749,Top,90
LED85,25.0,88.398,Top,0
C85,27.2,88.398,Top,90
LED86,66.148,142.043,Top,0
C86,68.348,142.043,Top,90
LED87,131.985,161.55,Top,0
C87,134.185,161.55,Top,90
LED88,72.549,129.242,Top,0
C88,74.749,129.242,Top,90
LED89,115.068,76.816,Top,0
C89,117.268,76.816,Top,90
LED90,58.513,117.172,Top,0
C90,60.713,117.172,Top,90
LED91,66.148,51.213,Top,0
C91,68.348,51.213,Top,90
LED92,65.645,126.681,Top,0
C92,67.845,126.681,Top,90
LED93,77.121,60.966,Top,0
C93,79.321,60.966,Top,90
LED94,139.757,34.754,Top,0
C94,141.957,34.754,Top,90
LED95,124.212,99.981,Top,0
C95,126.412,99.981,Top,90
LED96,160.651,47.799,Top,0
C96,162.851,47.799,Top,90
LED97,101.352,75.597,Top,0
C97,103.552,75.597,Top,90
LED98,168.561,60.966,Top,0
C98,170.761,60.966,Top,90
LED99,121.012,119.488,Top,0
C99,123.212,119.488,Top,90
LED100,159.645,63.771,Top,0
C100,161.845,63.771,Top,90
J1,22.2,159.626,Top,180
